info,year 1,year 2,year 3,year 4,year 5,model year,model,engine,cost,,,
Insurance,1763,1825,1889,1955,2023,2023,Audi e-tron Chronos Edition 4dr SUV AWD,electric DD,88473,1,,
Maintenance,185,772,413,3544,1690,2023,Audi e-tron Chronos Edition 4dr SUV AWD,electric DD,88473,2,,
Repairs,0,0,0,801,1223,2023,Audi e-tron Chronos Edition 4dr SUV AWD,electric DD,88473,3,,
Taxes_Fees,5574,398,356,323,323,2023,Audi e-tron Chronos Edition 4dr SUV AWD,electric DD,88473,4,,
Financing,6998,5703,4279,2714,994,2023,Audi e-tron Chronos Edition 4dr SUV AWD,electric DD,88473,5,,
Depreciation,37866,5791,4733,5304,4635,2023,Audi e-tron Chronos Edition 4dr SUV AWD,electric DD,88473,6,,
Fuel,1198,1234,1271,1309,1348,2023,Audi e-tron Chronos Edition 4dr SUV AWD,electric DD,88473,7,,
Insurance,1763,1825,1889,1955,2023,2023,Audi e-tron GT Premium Plus 4dr Sedan AWD,electric 2A,88666,1,,
Maintenance,141,1434,385,4822,1645,2023,Audi e-tron GT Premium Plus 4dr Sedan AWD,electric 2A,88666,2,,
Repairs,0,0,0,940,1434,2023,Audi e-tron GT Premium Plus 4dr Sedan AWD,electric 2A,88666,3,,
Taxes_Fees,6843,489,438,397,397,2023,Audi e-tron GT Premium Plus 4dr Sedan AWD,electric 2A,88666,4,,
Financing,7013,5715,4289,2720,996,2023,Audi e-tron GT Premium Plus 4dr Sedan AWD,electric 2A,88666,5,,
Depreciation,9388,6193,5061,5671,4957,2023,Audi e-tron GT Premium Plus 4dr Sedan AWD,electric 2A,88666,6,,
Fuel,1142,1176,1211,1248,1285,2023,Audi e-tron GT Premium Plus 4dr Sedan AWD,electric 2A,88666,7,,
Insurance,1763,1825,1889,1955,2023,2023,Audi e-tron GT Prestige 4dr Sedan AWD,electric 2A,98487,1,,
Maintenance,141,1434,385,4822,1645,2023,Audi e-tron GT Prestige 4dr Sedan AWD,electric 2A,98487,2,,
Repairs,0,0,0,940,1434,2023,Audi e-tron GT Prestige 4dr Sedan AWD,electric 2A,98487,3,,
Taxes_Fees,7461,533,477,433,433,2023,Audi e-tron GT Prestige 4dr Sedan AWD,electric 2A,98487,4,,
Financing,7790,6348,4763,3022,1107,2023,Audi e-tron GT Prestige 4dr Sedan AWD,electric 2A,98487,5,,
Depreciation,12771,6691,5467,6127,5355,2023,Audi e-tron GT Prestige 4dr Sedan AWD,electric 2A,98487,6,,
Fuel,1142,1176,1211,1248,1285,2023,Audi e-tron GT Prestige 4dr Sedan AWD,electric 2A,98487,7,,
Insurance,1763,1825,1889,1955,2023,2023,Audi e-tron Premium 4dr SUV AWD,electric DD,76191,1,,
Maintenance,185,772,413,3544,1690,2023,Audi e-tron Premium 4dr SUV AWD,electric DD,76191,2,,
Repairs,0,0,0,801,1223,2023,Audi e-tron Premium 4dr SUV AWD,electric DD,76191,3,,
Taxes_Fees,4801,343,307,278,278,2023,Audi e-tron Premium 4dr SUV AWD,electric DD,76191,4,,
Financing,6026,4911,3685,2338,856,2023,Audi e-tron Premium 4dr SUV AWD,electric DD,76191,5,,
Depreciation,32192,5041,4119,4617,4034,2023,Audi e-tron Premium 4dr SUV AWD,electric DD,76191,6,,
Fuel,1198,1234,1271,1309,1348,2023,Audi e-tron Premium 4dr SUV AWD,electric DD,76191,7,,
Insurance,1763,1825,1889,1955,2023,2023,Audi e-tron Premium Plus 4dr SUV AWD,electric DD,82980,1,,
Maintenance,185,772,413,3544,1690,2023,Audi e-tron Premium Plus 4dr SUV AWD,electric DD,82980,2,,
Repairs,0,0,0,801,1223,2023,Audi e-tron Premium Plus 4dr SUV AWD,electric DD,82980,3,,
Taxes_Fees,5228,373,334,303,303,2023,Audi e-tron Premium Plus 4dr SUV AWD,electric DD,82980,4,,
Financing,6563,5349,4013,2546,933,2023,Audi e-tron Premium Plus 4dr SUV AWD,electric DD,82980,5,,
Depreciation,35521,5431,4438,4974,4346,2023,Audi e-tron Premium Plus 4dr SUV AWD,electric DD,82980,6,,
Fuel,1198,1234,1271,1309,1348,2023,Audi e-tron Premium Plus 4dr SUV AWD,electric DD,82980,7,,
Insurance,1763,1825,1889,1955,2023,2023,Audi e-tron S Sportback Premium Plus 4dr SUV AWD,electric DD,97202,1,,
Maintenance,185,772,413,3700,1690,2023,Audi e-tron S Sportback Premium Plus 4dr SUV AWD,electric DD,97202,2,,
Repairs,0,0,0,801,1223,2023,Audi e-tron S Sportback Premium Plus 4dr SUV AWD,electric DD,97202,3,,
Taxes_Fees,6123,437,392,355,355,2023,Audi e-tron S Sportback Premium Plus 4dr SUV AWD,electric DD,97202,4,,
Financing,7688,6266,4701,2982,1092,2023,Audi e-tron S Sportback Premium Plus 4dr SUV AWD,electric DD,97202,5,,
Depreciation,29116,7405,6050,6781,5925,2023,Audi e-tron S Sportback Premium Plus 4dr SUV AWD,electric DD,97202,6,,
Fuel,1248,1285,1324,1364,1405,2023,Audi e-tron S Sportback Premium Plus 4dr SUV AWD,electric DD,97202,7,,
Insurance,1763,1825,1889,1955,2023,2023,Audi e-tron S Sportback Prestige 4dr SUV AWD,electric DD,96393,1,,
Maintenance,185,772,413,3700,1690,2023,Audi e-tron S Sportback Prestige 4dr SUV AWD,electric DD,96393,2,,
Repairs,0,0,0,801,1223,2023,Audi e-tron S Sportback Prestige 4dr SUV AWD,electric DD,96393,3,,
Taxes_Fees,6701,479,429,389,389,2023,Audi e-tron S Sportback Prestige 4dr SUV AWD,electric DD,96393,4,,
Financing,8415,6858,5146,3264,1196,2023,Audi e-tron S Sportback Prestige 4dr SUV AWD,electric DD,96393,5,,
Depreciation,31871,8105,6623,7422,6485,2023,Audi e-tron S Sportback Prestige 4dr SUV AWD,electric DD,96393,6,,
Fuel,1248,1285,1324,1364,1405,2023,Audi e-tron S Sportback Prestige 4dr SUV AWD,electric DD,96393,7,,
Insurance,1763,1825,1889,1955,2023,2023,Audi e-tron Sportback Premium Plus S line 4dr SUV AWD,electric DD,85804,1,,
Maintenance,185,772,413,3565,1690,2023,Audi e-tron Sportback Premium Plus S line 4dr SUV AWD,electric DD,85804,2,,
Repairs,0,0,0,801,1223,2023,Audi e-tron Sportback Premium Plus S line 4dr SUV AWD,electric DD,85804,3,,
Taxes_Fees,5406,386,346,314,314,2023,Audi e-tron Sportback Premium Plus S line 4dr SUV AWD,electric DD,85804,4,,
Financing,6787,5530,4150,2633,964,2023,Audi e-tron Sportback Premium Plus S line 4dr SUV AWD,electric DD,85804,5,,
Depreciation,25678,6539,5343,5989,5233,2023,Audi e-tron Sportback Premium Plus S line 4dr SUV AWD,electric DD,85804,6,,
Fuel,1198,1234,1271,1309,1348,2023,Audi e-tron Sportback Premium Plus S line 4dr SUV AWD,electric DD,85804,7,,
Insurance,1763,1825,1889,1955,2023,2023,Audi e-tron Sportback Premium S line 4dr SUV AWD,electric DD,80110,1,,
Maintenance,185,772,413,3565,1690,2023,Audi e-tron Sportback Premium S line 4dr SUV AWD,electric DD,80110,2,,
Repairs,0,0,0,801,1223,2023,Audi e-tron Sportback Premium S line 4dr SUV AWD,electric DD,80110,3,,
Taxes_Fees,5048,360,323,293,293,2023,Audi e-tron Sportback Premium S line 4dr SUV AWD,electric DD,80110,4,,
Financing,6336,5164,3875,2457,901,2023,Audi e-tron Sportback Premium S line 4dr SUV AWD,electric DD,80110,5,,
Depreciation,23915,6112,4994,5598,4891,2023,Audi e-tron Sportback Premium S line 4dr SUV AWD,electric DD,80110,6,,
Fuel,1198,1234,1271,1309,1348,2023,Audi e-tron Sportback Premium S line 4dr SUV AWD,electric DD,80110,7,,
Insurance,1763,1825,1889,1955,2023,2023,Audi e-tron Sportback Prestige S line 4dr SUV AWD,electric DD,91398,1,,
Maintenance,185,772,413,3565,1690,2023,Audi e-tron Sportback Prestige S line 4dr SUV AWD,electric DD,91398,2,,
Repairs,0,0,0,801,1223,2023,Audi e-tron Sportback Prestige S line 4dr SUV AWD,electric DD,91398,3,,
Taxes_Fees,5757,411,368,334,334,2023,Audi e-tron Sportback Prestige S line 4dr SUV AWD,electric DD,91398,4,,
Financing,7229,5891,4421,2804,1027,2023,Audi e-tron Sportback Prestige S line 4dr SUV AWD,electric DD,91398,5,,
Depreciation,27380,6962,5689,6376,5571,2023,Audi e-tron Sportback Prestige S line 4dr SUV AWD,electric DD,91398,6,,
Fuel,1198,1234,1271,1309,1348,2023,Audi e-tron Sportback Prestige S line 4dr SUV AWD,electric DD,91398,7,,
Insurance,1409,1458,1509,1562,1617,2023,BMW iX M60 M60 4dr SUV AWD,electric DD,112924,1,,
Maintenance,0,0,492,1507,3131,2023,BMW iX M60 M60 4dr SUV AWD,electric DD,112924,2,,
Repairs,0,0,0,1018,1554,2023,BMW iX M60 M60 4dr SUV AWD,electric DD,112924,3,,
Taxes_Fees,7111,508,455,413,413,2023,BMW iX M60 M60 4dr SUV AWD,electric DD,112924,4,,
Financing,8932,7279,5461,3465,1269,2023,BMW iX M60 M60 4dr SUV AWD,electric DD,112924,5,,
Depreciation,24359,10011,8180,9167,8006,2023,BMW iX M60 M60 4dr SUV AWD,electric DD,112924,6,,
Fuel,1217,1253,1291,1330,1370,2023,BMW iX M60 M60 4dr SUV AWD,electric DD,112924,7,,
Insurance,1337,1384,1432,1482,1534,2023,Chevrolet Bolt EUV LT 4dr Hatchback,electric DD,31803,1,,
Maintenance,148,393,201,534,1727,2023,Chevrolet Bolt EUV LT 4dr Hatchback,electric DD,31803,2,,
Repairs,0,0,121,288,418,2023,Chevrolet Bolt EUV LT 4dr Hatchback,electric DD,31803,3,,
Taxes_Fees,2011,143,128,116,116,2023,Chevrolet Bolt EUV LT 4dr Hatchback,electric DD,31803,4,,
Financing,2516,2049,1539,975,358,2023,Chevrolet Bolt EUV LT 4dr Hatchback,electric DD,31803,5,,
Depreciation,12134,1264,1195,1403,1329,2023,Chevrolet Bolt EUV LT 4dr Hatchback,electric DD,31803,6,,
Fuel,811,836,861,886,913,2023,Chevrolet Bolt EUV LT 4dr Hatchback,electric DD,31803,7,,
Insurance,1337,1384,1432,1482,1534,2023,Chevrolet Bolt EUV Premier 4dr Hatchback,electric DD,36557,1,,
Maintenance,148,393,201,534,1727,2023,Chevrolet Bolt EUV Premier 4dr Hatchback,electric DD,36557,2,,
Repairs,0,0,121,288,418,2023,Chevrolet Bolt EUV Premier 4dr Hatchback,electric DD,36557,3,,
Taxes_Fees,2309,164,147,134,134,2023,Chevrolet Bolt EUV Premier 4dr Hatchback,electric DD,36557,4,,
Financing,2892,2356,1768,1122,410,2023,Chevrolet Bolt EUV Premier 4dr Hatchback,electric DD,36557,5,,
Depreciation,13851,1460,1381,1620,1535,2023,Chevrolet Bolt EUV Premier 4dr Hatchback,electric DD,36557,6,,
Fuel,811,836,861,886,913,2023,Chevrolet Bolt EUV Premier 4dr Hatchback,electric DD,36557,7,,
Insurance,1763,1825,1889,1955,2023,2023,Tesla Model X 4dr SUV AWD,electric DD,86852,1,,
Maintenance,159,165,274,1944,199,2023,Tesla Model X 4dr SUV AWD,electric DD,86852,2,,
Repairs,0,0,0,951,1451,2023,Tesla Model X 4dr SUV AWD,electric DD,86852,3,,
Taxes_Fees,5472,391,350,317,317,2023,Tesla Model X 4dr SUV AWD,electric DD,86852,4,,
Financing,6870,5598,4201,2664,976,2023,Tesla Model X 4dr SUV AWD,electric DD,86852,5,,
Depreciation,36637,4425,3617,4052,3542,2023,Tesla Model X 4dr SUV AWD,electric DD,86852,6,,
Fuel,917,945,973,1002,1032,2023,Tesla Model X 4dr SUV AWD,electric DD,86852,7,,
Insurance,1800,1863,1928,1996,2066,2023,Tesla Model X Plaid 4dr SUV AWD,electric DD,97523,1,,
Maintenance,159,165,274,2198,199,2023,Tesla Model X Plaid 4dr SUV AWD,electric DD,97523,2,,
Repairs,0,0,0,951,1451,2023,Tesla Model X Plaid 4dr SUV AWD,electric DD,97523,3,,
Taxes_Fees,6143,439,393,356,356,2023,Tesla Model X Plaid 4dr SUV AWD,electric DD,97523,4,,
Financing,7714,6286,4716,2992,1096,2023,Tesla Model X Plaid 4dr SUV AWD,electric DD,97523,5,,
Depreciation,41139,4969,4061,4550,3978,2023,Tesla Model X Plaid 4dr SUV AWD,electric DD,97523,6,,
Fuel,955,983,1013,1043,1075,2023,Tesla Model X Plaid 4dr SUV AWD,electric DD,97523,7,,
Insurance,1763,1825,1889,1955,2023,2023,Tesla Model Y 4dr SUV,electric DD,48436,1,,
Maintenance,138,195,172,495,178,2023,Tesla Model Y 4dr SUV,electric DD,48436,2,,
Repairs,0,0,0,894,1366,2023,Tesla Model Y 4dr SUV,electric DD,48436,3,,
Taxes_Fees,3056,218,195,177,177,2023,Tesla Model Y 4dr SUV,electric DD,48436,4,,
Financing,3831,3122,2343,1486,544,2023,Tesla Model Y 4dr SUV,electric DD,48436,5,,
Depreciation,19064,2689,2197,2462,2153,2023,Tesla Model Y 4dr SUV,electric DD,48436,6,,
Fuel,761,784,808,832,857,2023,Tesla Model Y 4dr SUV,electric DD,48436,7,,
Insurance,1763,1825,1889,1955,2023,2023,Tesla Model Y 4dr SUV AWD w/Prod. End 09/23,electric DD,54839,1,,
Maintenance,138,195,172,495,178,2023,Tesla Model Y 4dr SUV AWD w/Prod. End 09/23,electric DD,54839,2,,
Repairs,0,0,0,951,1451,2023,Tesla Model Y 4dr SUV AWD w/Prod. End 09/23,electric DD,54839,3,,
Taxes_Fees,3459,247,221,200,200,2023,Tesla Model Y 4dr SUV AWD w/Prod. End 09/23,electric DD,54839,4,,
Financing,4338,3534,2653,1682,616,2023,Tesla Model Y 4dr SUV AWD w/Prod. End 09/23,electric DD,54839,5,,
Depreciation,21585,3045,2488,2788,2437,2023,Tesla Model Y 4dr SUV AWD w/Prod. End 09/23,electric DD,54839,6,,
Fuel,761,784,808,832,857,2023,Tesla Model Y 4dr SUV AWD w/Prod. End 09/23,electric DD,54839,7,,
Insurance,1763,1825,1889,1955,2023,2023,Tesla Model Y Long Range 4dr SUV AWD,electric DD,58040,1,,
Maintenance,138,195,172,1877,178,2023,Tesla Model Y Long Range 4dr SUV AWD,electric DD,58040,2,,
Repairs,0,0,0,951,1451,2023,Tesla Model Y Long Range 4dr SUV AWD,electric DD,58040,3,,
Taxes_Fees,3660,261,234,212,212,2023,Tesla Model Y Long Range 4dr SUV AWD,electric DD,58040,4,,
Financing,4591,3741,2807,1781,652,2023,Tesla Model Y Long Range 4dr SUV AWD,electric DD,58040,5,,
Depreciation,23438,2918,2385,2674,2336,2023,Tesla Model Y Long Range 4dr SUV AWD,electric DD,58040,6,,
Fuel,768,791,814,839,864,2023,Tesla Model Y Long Range 4dr SUV AWD,electric DD,58040,7,,
Insurance,1763,1825,1889,1955,2023,2023,Tesla Model Y Performance 4dr SUV AWD,electric DD,57507,1,,
Maintenance,138,195,172,2572,178,2023,Tesla Model Y Performance 4dr SUV AWD,electric DD,57507,2,,
Repairs,0,0,0,951,1451,2023,Tesla Model Y Performance 4dr SUV AWD,electric DD,57507,3,,
Taxes_Fees,3627,259,232,210,210,2023,Tesla Model Y Performance 4dr SUV AWD,electric DD,57507,4,,
Financing,4549,3706,2782,1764,646,2023,Tesla Model Y Performance 4dr SUV AWD,electric DD,57507,5,,
Depreciation,22630,3525,2881,3227,2821,2023,Tesla Model Y Performance 4dr SUV AWD,electric DD,57507,6,,
Fuel,842,868,894,921,948,2023,Tesla Model Y Performance 4dr SUV AWD,electric DD,57507,7,,
Insurance,1491,1543,1597,1653,1711,2023,Ford Mustang Mach-E California Route 1 4dr Hatchback AWD,electric DD,59652,1,,
Maintenance,131,511,210,2091,896,2023,Ford Mustang Mach-E California Route 1 4dr Hatchback AWD,electric DD,59652,2,,
Repairs,0,0,129,309,446,2023,Ford Mustang Mach-E California Route 1 4dr Hatchback AWD,electric DD,59652,3,,
Taxes_Fees,3761,268,240,218,218,2023,Ford Mustang Mach-E California Route 1 4dr Hatchback AWD,electric DD,59652,4,,
Financing,4718,3845,2885,1830,671,2023,Ford Mustang Mach-E California Route 1 4dr Hatchback AWD,electric DD,59652,5,,
Depreciation,20726,3657,3460,4059,3843,2023,Ford Mustang Mach-E California Route 1 4dr Hatchback AWD,electric DD,59652,6,,
Fuel,955,983,1013,1043,1075,2023,Ford Mustang Mach-E California Route 1 4dr Hatchback AWD,electric DD,59652,7,,
Insurance,1491,1543,1597,1653,1711,2023,Ford Mustang Mach-E California Route 1 4dr Hatchback AWD w/Prod. End 07/23,electric DD,59628,1,,
Maintenance,131,511,210,2091,896,2023,Ford Mustang Mach-E California Route 1 4dr Hatchback AWD w/Prod. End 07/23,electric DD,59628,2,,
Repairs,0,0,129,309,446,2023,Ford Mustang Mach-E California Route 1 4dr Hatchback AWD w/Prod. End 07/23,electric DD,59628,3,,
Taxes_Fees,3760,268,240,218,218,2023,Ford Mustang Mach-E California Route 1 4dr Hatchback AWD w/Prod. End 07/23,electric DD,59628,4,,
Financing,4716,3844,2884,1829,670,2023,Ford Mustang Mach-E California Route 1 4dr Hatchback AWD w/Prod. End 07/23,electric DD,59628,5,,
Depreciation,20703,3657,3460,4059,3843,2023,Ford Mustang Mach-E California Route 1 4dr Hatchback AWD w/Prod. End 07/23,electric DD,59628,6,,
Fuel,955,983,1013,1043,1075,2023,Ford Mustang Mach-E California Route 1 4dr Hatchback AWD w/Prod. End 07/23,electric DD,59628,7,,
Insurance,1491,1543,1597,1653,1711,2023,Ford Mustang Mach-E GT 4dr Hatchback AWD,electric DD,68808,1,,
Maintenance,131,511,210,2091,896,2023,Ford Mustang Mach-E GT 4dr Hatchback AWD,electric DD,68808,2,,
Repairs,0,0,129,309,446,2023,Ford Mustang Mach-E GT 4dr Hatchback AWD,electric DD,68808,3,,
Taxes_Fees,4337,309,277,251,251,2023,Ford Mustang Mach-E GT 4dr Hatchback AWD,electric DD,68808,4,,
Financing,5442,4436,3328,2110,774,2023,Ford Mustang Mach-E GT 4dr Hatchback AWD,electric DD,68808,5,,
Depreciation,26083,4023,3808,4467,4232,2023,Ford Mustang Mach-E GT 4dr Hatchback AWD,electric DD,68808,6,,
Fuel,1117,1150,1185,1221,1257,2023,Ford Mustang Mach-E GT 4dr Hatchback AWD,electric DD,68808,7,,
Insurance,1491,1543,1597,1653,1711,2023,Ford Mustang Mach-E GT 4dr Hatchback AWD w/Prod. End 07/23,electric DD,68780,1,,
Maintenance,131,511,210,2091,896,2023,Ford Mustang Mach-E GT 4dr Hatchback AWD w/Prod. End 07/23,electric DD,68780,2,,
Repairs,0,0,129,309,446,2023,Ford Mustang Mach-E GT 4dr Hatchback AWD w/Prod. End 07/23,electric DD,68780,3,,
Taxes_Fees,4336,309,277,251,251,2023,Ford Mustang Mach-E GT 4dr Hatchback AWD w/Prod. End 07/23,electric DD,68780,4,,
Financing,5440,4434,3326,2110,773,2023,Ford Mustang Mach-E GT 4dr Hatchback AWD w/Prod. End 07/23,electric DD,68780,5,,
Depreciation,23872,4219,3992,4683,4434,2023,Ford Mustang Mach-E GT 4dr Hatchback AWD w/Prod. End 07/23,electric DD,68780,6,,
Fuel,1117,1150,1185,1221,1257,2023,Ford Mustang Mach-E GT 4dr Hatchback AWD w/Prod. End 07/23,electric DD,68780,7,,
Insurance,1491,1543,1597,1653,1711,2023,Ford Mustang Mach-E Premium 4dr Hatchback,electric DD,56868,1,,
Maintenance,131,511,210,2049,896,2023,Ford Mustang Mach-E Premium 4dr Hatchback,electric DD,56868,2,,
Repairs,0,0,120,283,411,2023,Ford Mustang Mach-E Premium 4dr Hatchback,electric DD,56868,3,,
Taxes_Fees,3586,256,229,208,208,2023,Ford Mustang Mach-E Premium 4dr Hatchback,electric DD,56868,4,,
Financing,4498,3666,2750,1745,639,2023,Ford Mustang Mach-E Premium 4dr Hatchback,electric DD,56868,5,,
Depreciation,19767,3486,3297,3868,3663,2023,Ford Mustang Mach-E Premium 4dr Hatchback,electric DD,56868,6,,
Fuel,930,958,986,1016,1046,2023,Ford Mustang Mach-E Premium 4dr Hatchback,electric DD,56868,7,,
Insurance,1491,1543,1597,1653,1711,2023,Ford Mustang Mach-E Premium 4dr Hatchback AWD,electric DD,60413,1,,
Maintenance,131,511,210,2091,896,2023,Ford Mustang Mach-E Premium 4dr Hatchback AWD,electric DD,60413,2,,
Repairs,0,0,129,309,446,2023,Ford Mustang Mach-E Premium 4dr Hatchback AWD,electric DD,60413,3,,
Taxes_Fees,3809,272,243,221,221,2023,Ford Mustang Mach-E Premium 4dr Hatchback AWD,electric DD,60413,4,,
Financing,4778,3894,2922,1854,679,2023,Ford Mustang Mach-E Premium 4dr Hatchback AWD,electric DD,60413,5,,
Depreciation,20996,3703,3503,4110,3892,2023,Ford Mustang Mach-E Premium 4dr Hatchback AWD,electric DD,60413,6,,
Fuel,1017,1048,1079,1111,1145,2023,Ford Mustang Mach-E Premium 4dr Hatchback AWD,electric DD,60413,7,,
Insurance,1491,1543,1597,1653,1711,2023,Ford Mustang Mach-E Premium 4dr Hatchback AWD w/Prod. End 07/23,electric DD,59542,1,,
Maintenance,131,511,210,2091,896,2023,Ford Mustang Mach-E Premium 4dr Hatchback AWD w/Prod. End 07/23,electric DD,59542,2,,
Repairs,0,0,129,309,446,2023,Ford Mustang Mach-E Premium 4dr Hatchback AWD w/Prod. End 07/23,electric DD,59542,3,,
Taxes_Fees,3754,268,240,218,218,2023,Ford Mustang Mach-E Premium 4dr Hatchback AWD w/Prod. End 07/23,electric DD,59542,4,,
Financing,4710,3837,2880,1827,669,2023,Ford Mustang Mach-E Premium 4dr Hatchback AWD w/Prod. End 07/23,electric DD,59542,5,,
Depreciation,20623,3657,3460,4059,3843,2023,Ford Mustang Mach-E Premium 4dr Hatchback AWD w/Prod. End 07/23,electric DD,59542,6,,
Fuel,1005,1035,1066,1098,1131,2023,Ford Mustang Mach-E Premium 4dr Hatchback AWD w/Prod. End 07/23,electric DD,59542,7,,
Insurance,1491,1543,1597,1653,1711,2023,Ford Mustang Mach-E Premium 4dr Hatchback w/Prod. End 07/23,electric DD,56264,1,,
Maintenance,131,511,210,2049,896,2023,Ford Mustang Mach-E Premium 4dr Hatchback w/Prod. End 07/23,electric DD,56264,2,,
Repairs,0,0,120,283,411,2023,Ford Mustang Mach-E Premium 4dr Hatchback w/Prod. End 07/23,electric DD,56264,3,,
Taxes_Fees,3548,253,227,206,206,2023,Ford Mustang Mach-E Premium 4dr Hatchback w/Prod. End 07/23,electric DD,56264,4,,
Financing,4450,3627,2721,1726,633,2023,Ford Mustang Mach-E Premium 4dr Hatchback w/Prod. End 07/23,electric DD,56264,5,,
Depreciation,19345,3471,3283,3851,3647,2023,Ford Mustang Mach-E Premium 4dr Hatchback w/Prod. End 07/23,electric DD,56264,6,,
Fuel,911,938,967,996,1025,2023,Ford Mustang Mach-E Premium 4dr Hatchback w/Prod. End 07/23,electric DD,56264,7,,
Insurance,1491,1543,1597,1653,1711,2023,Ford Mustang Mach-E Select 4dr Hatchback,electric DD,47686,1,,
Maintenance,131,511,210,2049,896,2023,Ford Mustang Mach-E Select 4dr Hatchback,electric DD,47686,2,,
Repairs,0,0,120,283,411,2023,Ford Mustang Mach-E Select 4dr Hatchback,electric DD,47686,3,,
Taxes_Fees,3009,214,192,174,174,2023,Ford Mustang Mach-E Select 4dr Hatchback,electric DD,47686,4,,
Financing,3772,3073,2307,1463,536,2023,Ford Mustang Mach-E Select 4dr Hatchback,electric DD,47686,5,,
Depreciation,16492,2931,2773,3253,3080,2023,Ford Mustang Mach-E Select 4dr Hatchback,electric DD,47686,6,,
Fuel,930,958,986,1016,1046,2023,Ford Mustang Mach-E Select 4dr Hatchback,electric DD,47686,7,,
Insurance,1491,1543,1597,1653,1711,2023,Ford Mustang Mach-E Select 4dr Hatchback AWD,electric DD,50928,1,,
Maintenance,131,511,210,2091,896,2023,Ford Mustang Mach-E Select 4dr Hatchback AWD,electric DD,50928,2,,
Repairs,0,0,129,309,446,2023,Ford Mustang Mach-E Select 4dr Hatchback AWD,electric DD,50928,3,,
Taxes_Fees,3213,229,205,186,186,2023,Ford Mustang Mach-E Select 4dr Hatchback AWD,electric DD,50928,4,,
Financing,4028,3283,2463,1562,573,2023,Ford Mustang Mach-E Select 4dr Hatchback AWD,electric DD,50928,5,,
Depreciation,17652,3127,2958,3470,3285,2023,Ford Mustang Mach-E Select 4dr Hatchback AWD,electric DD,50928,6,,
Fuel,1005,1035,1066,1098,1131,2023,Ford Mustang Mach-E Select 4dr Hatchback AWD,electric DD,50928,7,,
Insurance,1491,1543,1597,1653,1711,2023,Ford Mustang Mach-E Select 4dr Hatchback AWD w/Prod. End 07/23,electric DD,51238,1,,
Maintenance,131,511,210,2091,896,2023,Ford Mustang Mach-E Select 4dr Hatchback AWD w/Prod. End 07/23,electric DD,51238,2,,
Repairs,0,0,129,309,446,2023,Ford Mustang Mach-E Select 4dr Hatchback AWD w/Prod. End 07/23,electric DD,51238,3,,
Taxes_Fees,3232,230,206,187,187,2023,Ford Mustang Mach-E Select 4dr Hatchback AWD w/Prod. End 07/23,electric DD,51238,4,,
Financing,4053,3302,2479,1571,576,2023,Ford Mustang Mach-E Select 4dr Hatchback AWD w/Prod. End 07/23,electric DD,51238,5,,
Depreciation,17943,3127,2958,3470,3285,2023,Ford Mustang Mach-E Select 4dr Hatchback AWD w/Prod. End 07/23,electric DD,51238,6,,
Fuel,1005,1035,1066,1098,1131,2023,Ford Mustang Mach-E Select 4dr Hatchback AWD w/Prod. End 07/23,electric DD,51238,7,,
Insurance,1491,1543,1597,1653,1711,2023,Ford Mustang Mach-E Select 4dr Hatchback w/Prod. End 07/23,electric DD,48271,1,,
Maintenance,131,511,210,2049,896,2023,Ford Mustang Mach-E Select 4dr Hatchback w/Prod. End 07/23,electric DD,48271,2,,
Repairs,0,0,120,283,411,2023,Ford Mustang Mach-E Select 4dr Hatchback w/Prod. End 07/23,electric DD,48271,3,,
Taxes_Fees,3046,217,194,176,176,2023,Ford Mustang Mach-E Select 4dr Hatchback w/Prod. End 07/23,electric DD,48271,4,,
Financing,3818,3111,2335,1481,543,2023,Ford Mustang Mach-E Select 4dr Hatchback w/Prod. End 07/23,electric DD,48271,5,,
Depreciation,17040,2931,2773,3253,3080,2023,Ford Mustang Mach-E Select 4dr Hatchback w/Prod. End 07/23,electric DD,48271,6,,
Fuel,911,938,967,996,1025,2023,Ford Mustang Mach-E Select 4dr Hatchback w/Prod. End 07/23,electric DD,48271,7,,
Insurance,1326,1372,1420,1470,1522,2023,Kia Niro EV Wave 4dr SUV,electric DD,47591,1,,
Maintenance,308,587,540,907,992,2023,Kia Niro EV Wave 4dr SUV,electric DD,47591,2,,
Repairs,0,0,0,0,593,2023,Kia Niro EV Wave 4dr SUV,electric DD,47591,3,,
Taxes_Fees,3003,214,192,174,174,2023,Kia Niro EV Wave 4dr SUV,electric DD,47591,4,,
Financing,3764,3068,2302,1460,535,2023,Kia Niro EV Wave 4dr SUV,electric DD,47591,5,,
Depreciation,17944,2462,2331,2734,2590,2023,Kia Niro EV Wave 4dr SUV,electric DD,47591,6,,
Fuel,830,855,880,907,934,2023,Kia Niro EV Wave 4dr SUV,electric DD,47591,7,,
Insurance,1326,1372,1420,1470,1522,2023,Kia Niro EV Wind 4dr SUV,electric DD,43141,1,,
Maintenance,308,587,540,907,992,2023,Kia Niro EV Wind 4dr SUV,electric DD,43141,2,,
Repairs,0,0,0,0,593,2023,Kia Niro EV Wind 4dr SUV,electric DD,43141,3,,
Taxes_Fees,2723,194,174,158,158,2023,Kia Niro EV Wind 4dr SUV,electric DD,43141,4,,
Financing,3412,2781,2087,1323,485,2023,Kia Niro EV Wind 4dr SUV,electric DD,43141,5,,
Depreciation,16834,2179,2063,2420,2293,2023,Kia Niro EV Wind 4dr SUV,electric DD,43141,6,,
Fuel,830,855,880,907,934,2023,Kia Niro EV Wind 4dr SUV,electric DD,43141,7,,
Insurance,1324,1370,1418,1468,1519,2023,Nissan LEAF S 4dr Hatchback,electric DD,30119,1,,
Maintenance,241,329,343,339,1595,2023,Nissan LEAF S 4dr Hatchback,electric DD,30119,2,,
Repairs,0,0,99,238,346,2023,Nissan LEAF S 4dr Hatchback,electric DD,30119,3,,
Taxes_Fees,1904,135,121,110,110,2023,Nissan LEAF S 4dr Hatchback,electric DD,30119,4,,
Financing,2382,1942,1456,924,339,2023,Nissan LEAF S 4dr Hatchback,electric DD,30119,5,,
Depreciation,11625,1870,1769,2075,1965,2023,Nissan LEAF S 4dr Hatchback,electric DD,30119,6,,
Fuel,842,868,894,921,948,2023,Nissan LEAF S 4dr Hatchback,electric DD,30119,7,,
Insurance,1324,1370,1418,1468,1519,2023,Nissan LEAF SV PLUS 4dr Hatchback,electric DD,38513,1,,
Maintenance,241,329,343,339,1985,2023,Nissan LEAF SV PLUS 4dr Hatchback,electric DD,38513,2,,
Repairs,0,0,99,238,346,2023,Nissan LEAF SV PLUS 4dr Hatchback,electric DD,38513,3,,
Taxes_Fees,2432,173,155,141,141,2023,Nissan LEAF SV PLUS 4dr Hatchback,electric DD,38513,4,,
Financing,3046,2483,1862,1182,433,2023,Nissan LEAF SV PLUS 4dr Hatchback,electric DD,38513,5,,
Depreciation,14835,2394,2266,2657,2517,2023,Nissan LEAF SV PLUS 4dr Hatchback,electric DD,38513,6,,
Fuel,861,887,914,941,969,2023,Nissan LEAF SV PLUS 4dr Hatchback,electric DD,38513,7,,
Insurance,1763,1825,1889,1955,2023,2023,Volkswagen ID.4 AWD Pro 4dr SUV AWD,electric DD,49025,1,,
Maintenance,66,369,357,1077,1514,2023,Volkswagen ID.4 AWD Pro 4dr SUV AWD,electric DD,49025,2,,
Repairs,0,0,0,398,607,2023,Volkswagen ID.4 AWD Pro 4dr SUV AWD,electric DD,49025,3,,
Taxes_Fees,3093,220,198,179,179,2023,Volkswagen ID.4 AWD Pro 4dr SUV AWD,electric DD,49025,4,,
Financing,3878,3160,2371,1504,551,2023,Volkswagen ID.4 AWD Pro 4dr SUV AWD,electric DD,49025,5,,
Depreciation,17276,2419,2290,2687,2545,2023,Volkswagen ID.4 AWD Pro 4dr SUV AWD,electric DD,49025,6,,
Fuel,948,977,1006,1036,1068,2023,Volkswagen ID.4 AWD Pro 4dr SUV AWD,electric DD,49025,7,,
Insurance,1763,1825,1889,1955,2023,2023,Volkswagen ID.4 AWD Pro S 4dr SUV AWD,electric DD,54324,1,,
Maintenance,66,369,357,1077,1514,2023,Volkswagen ID.4 AWD Pro S 4dr SUV AWD,electric DD,54324,2,,
Repairs,0,0,0,398,607,2023,Volkswagen ID.4 AWD Pro S 4dr SUV AWD,electric DD,54324,3,,
Taxes_Fees,3426,244,219,199,199,2023,Volkswagen ID.4 AWD Pro S 4dr SUV AWD,electric DD,54324,4,,
Financing,4297,3501,2628,1666,611,2023,Volkswagen ID.4 AWD Pro S 4dr SUV AWD,electric DD,54324,5,,
Depreciation,19275,2669,2528,2965,2808,2023,Volkswagen ID.4 AWD Pro S 4dr SUV AWD,electric DD,54324,6,,
Fuel,948,977,1006,1036,1068,2023,Volkswagen ID.4 AWD Pro S 4dr SUV AWD,electric DD,54324,7,,
Insurance,1763,1825,1889,1955,2023,2023,Volkswagen ID.4 AWD Pro S Plus 4dr SUV AWD,electric DD,56425,1,,
Maintenance,66,369,357,1077,1514,2023,Volkswagen ID.4 AWD Pro S Plus 4dr SUV AWD,electric DD,56425,2,,
Repairs,0,0,0,398,607,2023,Volkswagen ID.4 AWD Pro S Plus 4dr SUV AWD,electric DD,56425,3,,
Taxes_Fees,3558,254,227,206,206,2023,Volkswagen ID.4 AWD Pro S Plus 4dr SUV AWD,electric DD,56425,4,,
Financing,4463,3637,2729,1731,634,2023,Volkswagen ID.4 AWD Pro S Plus 4dr SUV AWD,electric DD,56425,5,,
Depreciation,19957,2778,2631,3086,2922,2023,Volkswagen ID.4 AWD Pro S Plus 4dr SUV AWD,electric DD,56425,6,,
Fuel,948,977,1006,1036,1068,2023,Volkswagen ID.4 AWD Pro S Plus 4dr SUV AWD,electric DD,56425,7,,
Insurance,1763,1825,1889,1955,2023,2023,Volkswagen ID.4 AWD Pro S Plus 4dr SUV AWD w/VW Sound,electric DD,56509,1,,
Maintenance,66,369,357,1077,1514,2023,Volkswagen ID.4 AWD Pro S Plus 4dr SUV AWD w/VW Sound,electric DD,56509,2,,
Repairs,0,0,0,398,607,2023,Volkswagen ID.4 AWD Pro S Plus 4dr SUV AWD w/VW Sound,electric DD,56509,3,,
Taxes_Fees,3564,254,228,206,206,2023,Volkswagen ID.4 AWD Pro S Plus 4dr SUV AWD w/VW Sound,electric DD,56509,4,,
Financing,4470,3642,2733,1734,635,2023,Volkswagen ID.4 AWD Pro S Plus 4dr SUV AWD w/VW Sound,electric DD,56509,5,,
Depreciation,19986,2782,2634,3090,2927,2023,Volkswagen ID.4 AWD Pro S Plus 4dr SUV AWD w/VW Sound,electric DD,56509,6,,
Fuel,948,977,1006,1036,1068,2023,Volkswagen ID.4 AWD Pro S Plus 4dr SUV AWD w/VW Sound,electric DD,56509,7,,
Insurance,1763,1825,1889,1955,2023,2023,Volkswagen ID.4 Pro 4dr SUV w/LG Energy Solution Battery 135kW DC Fast Charging Capability,electric DD,45332,1,,
Maintenance,66,369,357,972,1624,2023,Volkswagen ID.4 Pro 4dr SUV w/LG Energy Solution Battery 135kW DC Fast Charging Capability,electric DD,45332,2,,
Repairs,0,0,0,357,545,2023,Volkswagen ID.4 Pro 4dr SUV w/LG Energy Solution Battery 135kW DC Fast Charging Capability,electric DD,45332,3,,
Taxes_Fees,2861,204,183,166,166,2023,Volkswagen ID.4 Pro 4dr SUV w/LG Energy Solution Battery 135kW DC Fast Charging Capability,electric DD,45332,4,,
Financing,3586,2922,2192,1391,509,2023,Volkswagen ID.4 Pro 4dr SUV w/LG Energy Solution Battery 135kW DC Fast Charging Capability,electric DD,45332,5,,
Depreciation,16014,2233,2115,2481,2349,2023,Volkswagen ID.4 Pro 4dr SUV w/LG Energy Solution Battery 135kW DC Fast Charging Capability,electric DD,45332,6,,
Fuel,874,900,927,955,983,2023,Volkswagen ID.4 Pro 4dr SUV w/LG Energy Solution Battery 135kW DC Fast Charging Capability,electric DD,45332,7,,
Insurance,1763,1825,1889,1955,2023,2023,Volkswagen ID.4 Pro 4dr SUV w/SK On Battery 170kW DC Fast Charging Capability,electric DD,45249,1,,
Maintenance,66,369,357,972,1624,2023,Volkswagen ID.4 Pro 4dr SUV w/SK On Battery 170kW DC Fast Charging Capability,electric DD,45249,2,,
Repairs,0,0,0,357,545,2023,Volkswagen ID.4 Pro 4dr SUV w/SK On Battery 170kW DC Fast Charging Capability,electric DD,45249,3,,
Taxes_Fees,2856,203,182,165,165,2023,Volkswagen ID.4 Pro 4dr SUV w/SK On Battery 170kW DC Fast Charging Capability,electric DD,45249,4,,
Financing,3579,2917,2188,1388,509,2023,Volkswagen ID.4 Pro 4dr SUV w/SK On Battery 170kW DC Fast Charging Capability,electric DD,45249,5,,
Depreciation,15985,2229,2111,2476,2345,2023,Volkswagen ID.4 Pro 4dr SUV w/SK On Battery 170kW DC Fast Charging Capability,electric DD,45249,6,,
Fuel,874,900,927,955,983,2023,Volkswagen ID.4 Pro 4dr SUV w/SK On Battery 170kW DC Fast Charging Capability,electric DD,45249,7,,
Insurance,1763,1825,1889,1955,2023,2023,Volkswagen ID.4 Pro S 4dr SUV w/LG Energy Solution Battery 135kW DC Fast Charging Capability,electric DD,50528,1,,
Maintenance,66,369,357,972,1624,2023,Volkswagen ID.4 Pro S 4dr SUV w/LG Energy Solution Battery 135kW DC Fast Charging Capability,electric DD,50528,2,,
Repairs,0,0,0,357,545,2023,Volkswagen ID.4 Pro S 4dr SUV w/LG Energy Solution Battery 135kW DC Fast Charging Capability,electric DD,50528,3,,
Taxes_Fees,3187,227,204,185,185,2023,Volkswagen ID.4 Pro S 4dr SUV w/LG Energy Solution Battery 135kW DC Fast Charging Capability,electric DD,50528,4,,
Financing,3997,3256,2444,1550,568,2023,Volkswagen ID.4 Pro S 4dr SUV w/LG Energy Solution Battery 135kW DC Fast Charging Capability,electric DD,50528,5,,
Depreciation,17843,2490,2358,2766,2620,2023,Volkswagen ID.4 Pro S 4dr SUV w/LG Energy Solution Battery 135kW DC Fast Charging Capability,electric DD,50528,6,,
Fuel,874,900,927,955,983,2023,Volkswagen ID.4 Pro S 4dr SUV w/LG Energy Solution Battery 135kW DC Fast Charging Capability,electric DD,50528,7,,
Insurance,1763,1825,1889,1955,2023,2023,Volkswagen ID.4 Pro S 4dr SUV w/SK On Battery 170kW DC Fast Charging Capability,electric DD,50420,1,,
Maintenance,66,369,357,972,1624,2023,Volkswagen ID.4 Pro S 4dr SUV w/SK On Battery 170kW DC Fast Charging Capability,electric DD,50420,2,,
Repairs,0,0,0,357,545,2023,Volkswagen ID.4 Pro S 4dr SUV w/SK On Battery 170kW DC Fast Charging Capability,electric DD,50420,3,,
Taxes_Fees,3180,227,203,184,184,2023,Volkswagen ID.4 Pro S 4dr SUV w/SK On Battery 170kW DC Fast Charging Capability,electric DD,50420,4,,
Financing,3988,3250,2439,1546,567,2023,Volkswagen ID.4 Pro S 4dr SUV w/SK On Battery 170kW DC Fast Charging Capability,electric DD,50420,5,,
Depreciation,17806,2484,2353,2760,2614,2023,Volkswagen ID.4 Pro S 4dr SUV w/SK On Battery 170kW DC Fast Charging Capability,electric DD,50420,6,,
Fuel,874,900,927,955,983,2023,Volkswagen ID.4 Pro S 4dr SUV w/SK On Battery 170kW DC Fast Charging Capability,electric DD,50420,7,,
Insurance,1763,1825,1889,1955,2023,2023,Volkswagen ID.4 Pro S Plus 4dr SUV w/LG Energy Solution Battery 135kW DC Fast Charging Capability,electric DD,52833,1,,
Maintenance,66,369,357,972,1624,2023,Volkswagen ID.4 Pro S Plus 4dr SUV w/LG Energy Solution Battery 135kW DC Fast Charging Capability,electric DD,52833,2,,
Repairs,0,0,0,357,545,2023,Volkswagen ID.4 Pro S Plus 4dr SUV w/LG Energy Solution Battery 135kW DC Fast Charging Capability,electric DD,52833,3,,
Taxes_Fees,3332,238,213,193,193,2023,Volkswagen ID.4 Pro S Plus 4dr SUV w/LG Energy Solution Battery 135kW DC Fast Charging Capability,electric DD,52833,4,,
Financing,4179,3405,2556,1620,594,2023,Volkswagen ID.4 Pro S Plus 4dr SUV w/LG Energy Solution Battery 135kW DC Fast Charging Capability,electric DD,52833,5,,
Depreciation,18656,2603,2466,2892,2739,2023,Volkswagen ID.4 Pro S Plus 4dr SUV w/LG Energy Solution Battery 135kW DC Fast Charging Capability,electric DD,52833,6,,
Fuel,874,900,927,955,983,2023,Volkswagen ID.4 Pro S Plus 4dr SUV w/LG Energy Solution Battery 135kW DC Fast Charging Capability,electric DD,52833,7,,
Insurance,1763,1825,1889,1955,2023,2023,Volkswagen ID.4 Pro S Plus 4dr SUV w/SK On Battery 170kW DC Fast Charging Capability,electric DD,52941,1,,
Maintenance,66,369,357,972,1624,2023,Volkswagen ID.4 Pro S Plus 4dr SUV w/SK On Battery 170kW DC Fast Charging Capability,electric DD,52941,2,,
Repairs,0,0,0,357,545,2023,Volkswagen ID.4 Pro S Plus 4dr SUV w/SK On Battery 170kW DC Fast Charging Capability,electric DD,52941,3,,
Taxes_Fees,3339,238,213,193,193,2023,Volkswagen ID.4 Pro S Plus 4dr SUV w/SK On Battery 170kW DC Fast Charging Capability,electric DD,52941,4,,
Financing,4187,3413,2560,1625,595,2023,Volkswagen ID.4 Pro S Plus 4dr SUV w/SK On Battery 170kW DC Fast Charging Capability,electric DD,52941,5,,
Depreciation,18693,2609,2471,2898,2745,2023,Volkswagen ID.4 Pro S Plus 4dr SUV w/SK On Battery 170kW DC Fast Charging Capability,electric DD,52941,6,,
Fuel,874,900,927,955,983,2023,Volkswagen ID.4 Pro S Plus 4dr SUV w/SK On Battery 170kW DC Fast Charging Capability,electric DD,52941,7,,
Insurance,1763,1825,1889,1955,2023,2023,Volkswagen ID.4 Pro S Plus 4dr SUV w/VW Sound LG Energy Solution Battery 135kW DC Fast Charging Capability,electric DD,53000,1,,
Maintenance,66,369,357,972,1624,2023,Volkswagen ID.4 Pro S Plus 4dr SUV w/VW Sound LG Energy Solution Battery 135kW DC Fast Charging Capability,electric DD,53000,2,,
Repairs,0,0,0,357,545,2023,Volkswagen ID.4 Pro S Plus 4dr SUV w/VW Sound LG Energy Solution Battery 135kW DC Fast Charging Capability,electric DD,53000,3,,
Taxes_Fees,3343,238,214,194,194,2023,Volkswagen ID.4 Pro S Plus 4dr SUV w/VW Sound LG Energy Solution Battery 135kW DC Fast Charging Capability,electric DD,53000,4,,
Financing,4192,3416,2564,1626,595,2023,Volkswagen ID.4 Pro S Plus 4dr SUV w/VW Sound LG Energy Solution Battery 135kW DC Fast Charging Capability,electric DD,53000,5,,
Depreciation,18714,2612,2473,2901,2748,2023,Volkswagen ID.4 Pro S Plus 4dr SUV w/VW Sound LG Energy Solution Battery 135kW DC Fast Charging Capability,electric DD,53000,6,,
Fuel,874,900,927,955,983,2023,Volkswagen ID.4 Pro S Plus 4dr SUV w/VW Sound LG Energy Solution Battery 135kW DC Fast Charging Capability,electric DD,53000,7,,
Insurance,1763,1825,1889,1955,2023,2023,Volkswagen ID.4 Pro S Plus 4dr SUV w/VW Sound SK On Battery 170kW DC Fast Charging Capability,electric DD,53000,1,,
Maintenance,66,369,357,972,1624,2023,Volkswagen ID.4 Pro S Plus 4dr SUV w/VW Sound SK On Battery 170kW DC Fast Charging Capability,electric DD,53000,2,,
Repairs,0,0,0,357,545,2023,Volkswagen ID.4 Pro S Plus 4dr SUV w/VW Sound SK On Battery 170kW DC Fast Charging Capability,electric DD,53000,3,,
Taxes_Fees,3343,238,214,194,194,2023,Volkswagen ID.4 Pro S Plus 4dr SUV w/VW Sound SK On Battery 170kW DC Fast Charging Capability,electric DD,53000,4,,
Financing,4192,3416,2564,1626,595,2023,Volkswagen ID.4 Pro S Plus 4dr SUV w/VW Sound SK On Battery 170kW DC Fast Charging Capability,electric DD,53000,5,,
Depreciation,18714,2612,2473,2901,2748,2023,Volkswagen ID.4 Pro S Plus 4dr SUV w/VW Sound SK On Battery 170kW DC Fast Charging Capability,electric DD,53000,6,,
Fuel,874,900,927,955,983,2023,Volkswagen ID.4 Pro S Plus 4dr SUV w/VW Sound SK On Battery 170kW DC Fast Charging Capability,electric DD,53000,7,,
Insurance,1763,1825,1889,1955,2023,2023,Volkswagen ID.4 S 4dr SUV,electric DD,45770,1,,
Maintenance,66,369,357,972,1624,2023,Volkswagen ID.4 S 4dr SUV,electric DD,45770,2,,
Repairs,0,0,0,357,545,2023,Volkswagen ID.4 S 4dr SUV,electric DD,45770,3,,
Taxes_Fees,2888,206,184,167,167,2023,Volkswagen ID.4 S 4dr SUV,electric DD,45770,4,,
Financing,3620,2950,2214,1404,515,2023,Volkswagen ID.4 S 4dr SUV,electric DD,45770,5,,
Depreciation,16328,2241,2123,2490,2358,2023,Volkswagen ID.4 S 4dr SUV,electric DD,45770,6,,
Fuel,874,900,927,955,983,2023,Volkswagen ID.4 S 4dr SUV,electric DD,45770,7,,
Insurance,1763,1825,1889,1955,2023,2023,Volkswagen ID.4 Standard 4dr SUV,electric DD,39993,1,,
Maintenance,66,369,357,972,1624,2023,Volkswagen ID.4 Standard 4dr SUV,electric DD,39993,2,,
Repairs,0,0,0,357,545,2023,Volkswagen ID.4 Standard 4dr SUV,electric DD,39993,3,,
Taxes_Fees,2525,180,161,146,146,2023,Volkswagen ID.4 Standard 4dr SUV,electric DD,39993,4,,
Financing,3163,2578,1934,1227,450,2023,Volkswagen ID.4 Standard 4dr SUV,electric DD,39993,5,,
Depreciation,14139,1969,1865,2187,2072,2023,Volkswagen ID.4 Standard 4dr SUV,electric DD,39993,6,,
Fuel,874,900,927,955,983,2023,Volkswagen ID.4 Standard 4dr SUV,electric DD,39993,7,,49
,,,,,,,,,,,,70
,,,,,,,,,,,,242
,,,,,,,,,,,,361
